{"coefficient": 0.24343410092091441, "intercept": 4.601883936421563}