{"coefficient": 0.22091921117721403, "intercept": 6.090991096670857}